summary,CustomerID,Year,Quarter,QuarterAmount,QuarterFrequency,QuarterAvgValue,PurchaseTrend3Q,Recency,Frequency,Monetary,CustomerLifeSpan,TotalQuarters,AvgOrderValue,MonetaryPerQuarter,label
count,17923,17923,17923,17923,17923,17923,17923,17923,17923,17923,17923,17923,17923,17923,17923
mean,15304.644367572393,2010.4147185181052,2.7148356859900686,966.6312608380316,2.0340902750655583,418.1245602910906,0.005635217318529264,123.32979969871116,11.768342353400659,6132.0534519333305,440.5219550298499,4.797020588071193,404.0163495184317,966.6312608380399,0.4950064163365508
stddev,1704.9112531959818,0.5910275285468843,1.132390421983112,3191.186367634786,2.6023536988904383,786.6534137082507,0.8196487431923956,164.1529987032212,20.13889965719287,23699.717896974944,242.21752964141461,2.588135748396137,452.894188811596,2794.2449521515186,0.4999890119461145
min,12346,2009,1,0.85,1,0.85,-1.0,0,1,2.9,0,1,2.9,2.9,0
max,18287,2011,4,107957.29,80,77183.6,1.0,733,391,597336.11,733,9,14844.766666666668,66370.67888888888,1
