Metric,Value
AUC,0.8806693327517954
Accuracy,0.7848244620611552
Precision,0.785790331441825
Recall,0.7848244620611551
F1,0.7845147332223057
TPR,0.7497129735931403
TNR,0.8189944134073637
FPR,0.18100558659207766
FNR,0.2502870264062857
BrierScore,0.1431970469580737
TP,1306.0
TN,1466.0
FP,324.0
FN,436.0
